url_path,views_total,views_unique
/thomaspoignant/go-feature-flag,367,204
/thomaspoignant/go-feature-flag/issues,70,22
/thomaspoignant/go-feature-flag/pulls,49,15
/thomaspoignant/go-feature-flag/issues/5651,21,5
/thomaspoignant/go-feature-flag/issues/5675,20,3
/thomaspoignant/go-feature-flag/releases,19,13
/thomaspoignant/go-feature-flag/releases/tag/v1.55.1,16,9
/thomaspoignant/go-feature-flag/tree/main/cmd/relayproxy,15,10
/thomaspoignant/go-feature-flag/discussions,14,3
/thomaspoignant/go-feature-flag/commits/main,12,7
